alpha,28753,43129,57505,71882,86258,100634,115011,129387,143763,158140,172516,186892,201269,215645
-10,-0.0073,-0.0056,-0.01,-0.0051,-0.0047,-0.0086,-0.0084,-0.0078,-0.0061,-0.0043,-0.0041,-0.004,-0.004,-0.004
-9.8,-0.0088102729,-0.0065101601,-0.011203682,-0.0061074671,-0.0056981638,-0.0086024482,-0.0094946139,-0.008895226,-0.0074991431,-0.0053944915,-0.005104162,-0.0050023258,-0.0049975518,-0.0049927778
-9.6,-0.0096006575,-0.0075188416,-0.012543005,-0.0071099153,-0.006677354,-0.0088516574,-0.010511996,-0.0099217891,-0.0088187289,-0.0065947363,-0.0061252166,-0.0060192185,-0.0059932674,-0.0059673163
-9.4,-0.0092275905,-0.0082992655,-0.01329855,-0.0080508725,-0.0076154238,-0.0093865348,-0.011579435,-0.011003836,-0.010110854,-0.0079263591,-0.0071755994,-0.0070709478,-0.0070044884,-0.006938029
-9.2,-0.0098969878,-0.0091264407,-0.013520262,-0.0088988575,-0.0085902071,-0.010047608,-0.012604407,-0.012071764,-0.011355279,-0.0093756811,-0.0081944507,-0.0080856371,-0.0080252982,-0.0079649593
-9,-0.010679637,-0.0099567986,-0.013537712,-0.0097331325,-0.0095349279,-0.010796899,-0.013616485,-0.013099347,-0.012499347,-0.010818606,-0.009261971,-0.0091,-0.0090781293,-0.0090562585
-8.8,-0.011463327,-0.010755606,-0.012046845,-0.0105858,-0.010506855,-0.011659686,-0.014614036,-0.014120891,-0.013614036,-0.012274539,-0.01034978,-0.010124319,-0.010096246,-0.010068173
-8.6,-0.012728272,-0.01175479,-0.012465363,-0.011421004,-0.011476987,-0.012530195,-0.015595267,-0.015130195,-0.014661695,-0.013629705,-0.011557125,-0.01114978,-0.011110609,-0.011071437
-8.4,-0.013580842,-0.012833296,-0.013109719,-0.012498908,-0.012445813,-0.013474375,-0.01648123,-0.016085147,-0.01567666,-0.014929328,-0.012819799,-0.01219592,-0.012125788,-0.012055656
-8.2,-0.014682423,-0.013988513,-0.013988023,-0.01366555,-0.013288035,-0.014342549,-0.017321331,-0.016937979,-0.016544507,-0.015998154,-0.014137866,-0.013214853,-0.013127583,-0.013040314
-8,-0.015523165,-0.015262826,-0.015238154,-0.014786441,-0.014531877,-0.015178242,-0.018100602,-0.017766001,-0.017370734,-0.016900439,-0.015395053,-0.014141896,-0.014028563,-0.013909354
-7.8,-0.016574978,-0.01699224,-0.01700217,-0.015910885,-0.015701294,-0.01613042,-0.018868989,-0.018532592,-0.018120188,-0.017700929,-0.016574438,-0.014945926,-0.014820351,-0.014684495
-7.6,-0.017537287,-0.018058104,-0.017341356,-0.017151674,-0.016773221,-0.017509454,-0.019644934,-0.019299398,-0.018857615,-0.018434112,-0.017606591,-0.015713446,-0.015492881,-0.015270684
-7.4,-0.018374099,-0.019366654,-0.017793949,-0.017438795,-0.017788575,-0.01876825,-0.020612455,-0.020182963,-0.019678557,-0.01919194,-0.018507558,-0.016520515,-0.016026666,-0.015543753
-7.2,-0.019364847,-0.020517853,-0.018305751,-0.017878005,-0.01925839,-0.020114677,-0.021741783,-0.021312241,-0.020756799,-0.020200214,-0.019503202,-0.017374414,-0.016461858,-0.015586679
-7,-0.020580138,-0.02145533,-0.018961093,-0.018528714,-0.019091878,-0.021522396,-0.023367508,-0.022557401,-0.021988249,-0.021391023,-0.020677364,-0.018637527,-0.016893848,-0.015264695
-6.8,-0.021902285,-0.022446353,-0.019834714,-0.019365123,-0.019735996,-0.022677498,-0.024629969,-0.023972906,-0.023381394,-0.022747608,-0.021966867,-0.020114588,-0.017471776,-0.015021782
-6.6,-0.023493911,-0.02370511,-0.021208763,-0.02042231,-0.020624307,-0.022216298,-0.025688474,-0.025860377,-0.024962461,-0.024229818,-0.023295116,-0.021746377,-0.018584293,-0.015654036
-6.4,-0.025423452,-0.025144231,-0.022765235,-0.021968826,-0.021739824,-0.022691691,-0.026569841,-0.027425562,-0.026988889,-0.025760238,-0.024841092,-0.02370546,-0.02048634,-0.01756771
-6.2,-0.027769203,-0.026902775,-0.024536234,-0.023770132,-0.023184231,-0.023651125,-0.027362633,-0.028735103,-0.02849543,-0.027796572,-0.027087646,-0.02615032,-0.023419701,-0.020805302
-6,-0.030631488,-0.029012404,-0.026590044,-0.025791839,-0.025286453,-0.02496393,-0.026587586,-0.029764191,-0.029835278,-0.029805876,-0.029506128,-0.029406858,-0.027801848,-0.026201848
-5.8,-0.033830447,-0.031446026,-0.02890049,-0.028097878,-0.027596899,-0.02692988,-0.027811339,-0.03081466,-0.031376218,-0.032057125,-0.032354214,-0.033678432,-0.033584079,-0.033384504
-5.6,-0.037403478,-0.034232969,-0.031515505,-0.030726767,-0.030219912,-0.029727859,-0.029425298,-0.030638082,-0.033662835,-0.035362888,-0.036924393,-0.038923352,-0.03958851,-0.040027328
-5.4,-0.041114173,-0.037353045,-0.034448964,-0.033723176,-0.033231011,-0.03280049,-0.03197499,-0.033332809,-0.035217935,-0.040194374,-0.042307066,-0.044804983,-0.045997537,-0.046697626
-5.2,-0.044416734,-0.040775242,-0.037737539,-0.037065612,-0.036648475,-0.036202448,-0.035748914,-0.037091441,-0.040346557,-0.044125867,-0.046794655,-0.050957324,-0.052007873,-0.053248439
-5,-0.047145537,-0.044433133,-0.041328563,-0.040771978,-0.040492869,-0.040253258,-0.040678093,-0.042831263,-0.04651528,-0.05060884,-0.053337667,-0.056199715,-0.058025402,-0.059697881
-4.8,-0.049963968,-0.048181883,-0.045245537,-0.044864143,-0.044775455,-0.044719523,-0.046167698,-0.049742032,-0.053727165,-0.05782296,-0.060604179,-0.063263289,-0.064895869,-0.066360879
-4.6,-0.05283002,-0.052027972,-0.04940054,-0.049252065,-0.049387697,-0.049589982,-0.052843112,-0.057353707,-0.060348083,-0.063942196,-0.066642572,-0.069183138,-0.071230545,-0.073074524
-4.4,-0.055872191,-0.055800766,-0.053766265,-0.053807395,-0.054090747,-0.054736447,-0.059244982,-0.063477652,-0.066844056,-0.069687533,-0.072407609,-0.074847822,-0.076897665,-0.078727106
-4.2,-0.059207722,-0.059501519,-0.058160389,-0.05840919,-0.058677539,-0.060266565,-0.064817954,-0.069271099,-0.072530459,-0.075659837,-0.078299122,-0.080329227,-0.082466176,-0.083982975
-4,-0.062781394,-0.063150208,-0.062520841,-0.062952454,-0.062974123,-0.064956736,-0.070283566,-0.074277088,-0.077406039,-0.080415995,-0.082991789,-0.085187281,-0.086844507,-0.088264633
-3.8,-0.066181067,-0.066775242,-0.06655838,-0.067052128,-0.066666603,-0.069796083,-0.074967847,-0.078476824,-0.081512793,-0.084387821,-0.086783314,-0.088677049,-0.090252015,-0.091630684
-3.6,-0.069318179,-0.070138468,-0.070199134,-0.07069386,-0.069896347,-0.074074978,-0.078689341,-0.082032868,-0.085182159,-0.087889453,-0.089932705,-0.091624482,-0.093036234,-0.09434467
-3.4,-0.07199892,-0.073141356,-0.073238907,-0.073721494,-0.072803956,-0.077684934,-0.081868449,-0.08513096,-0.088173722,-0.09064919,-0.09237769,-0.093906253,-0.095272467,-0.096592492
-3.2,-0.074126554,-0.075638418,-0.075727809,-0.076201469,-0.0755457,-0.080630094,-0.084494287,-0.087568663,-0.09040865,-0.092559033,-0.094149617,-0.0956,-0.096947119,-0.098286943
-3,-0.07572639,-0.077492931,-0.077603214,-0.07812693,-0.07788929,-0.083053974,-0.086465399,-0.089445813,-0.092116597,-0.093941293,-0.09544619,-0.096865399,-0.098271274,-0.099602122
-2.8,-0.076783566,-0.078755066,-0.078915882,-0.079519096,-0.079887985,-0.084793911,-0.087943691,-0.090853974,-0.093354413,-0.094952229,-0.096469969,-0.097895593,-0.0993,-0.10061208
-2.6,-0.077538744,-0.079425737,-0.079844771,-0.080550169,-0.081507621,-0.086060012,-0.089086453,-0.091944068,-0.094121055,-0.095722197,-0.097286943,-0.098755003,-0.10018748,-0.10136267
-2.4,-0.077996083,-0.079826441,-0.080600389,-0.081142448,-0.082688085,-0.08692285,-0.089921871,-0.092837213,-0.09475892,-0.096333785,-0.097960226,-0.099496296,-0.10090283,-0.10198613
-2.2,-0.07830668,-0.079968324,-0.080964093,-0.081498481,-0.083632969,-0.087714526,-0.090759247,-0.09368275,-0.095422084,-0.097060553,-0.098762021,-0.10028226,-0.10162758,-0.10255299
-2,-0.07854221,-0.080008588,-0.081400754,-0.08219459,-0.084721758,-0.088559511,-0.091689492,-0.094579209,-0.096204671,-0.097937753,-0.099677577,-0.10115353,-0.10238955,-0.10313819
-1.8,-0.078515719,-0.079955493,-0.081693459,-0.082911891,-0.085695795,-0.089635895,-0.092823981,-0.095622248,-0.097125286,-0.098961469,-0.10067583,-0.10206006,-0.10320827,-0.103781
-1.6,-0.078520212,-0.08002929,-0.08191017,-0.083414125,-0.086528275,-0.090456511,-0.093853246,-0.096601457,-0.098390634,-0.10011158,-0.10176762,-0.10292486,-0.10382398,-0.10456307
-1.4,-0.077980702,-0.079688198,-0.082069164,-0.084247368,-0.087543326,-0.091564544,-0.09500241,-0.097560564,-0.099497125,-0.10143205,-0.10300034,-0.10389881,-0.10478205,-0.10550978
-1.2,-0.077174853,-0.079316962,-0.082145673,-0.084866675,-0.088247594,-0.092302647,-0.095650193,-0.098178091,-0.10021253,-0.10224011,-0.10365725,-0.10462574,-0.10558564,-0.10642188
-1,-0.076503353,-0.079160277,-0.081524521,-0.083589518,-0.08809543,-0.092440602,-0.095861505,-0.098449905,-0.10056993,-0.102651,-0.10395441,-0.10503014,-0.1060592,-0.10697652
-0.8,-0.076100917,-0.079006365,-0.08135135,-0.083516072,-0.088069342,-0.092114603,-0.095551614,-0.098417087,-0.10065622,-0.10271911,-0.10402345,-0.10518118,-0.10630414,-0.10729905
-0.6,-0.075791626,-0.078844834,-0.081116862,-0.083540729,-0.088415544,-0.092452003,-0.095469882,-0.098066568,-0.10009007,-0.10245424,-0.10388869,-0.10518924,-0.10639066,-0.10727225
-0.4,-0.075668449,-0.078838631,-0.080907621,-0.083754953,-0.088770672,-0.092650923,-0.095656247,-0.098292982,-0.10014198,-0.1019886,-0.10333942,-0.10487144,-0.10616597,-0.10704045
-0.2,-0.075656095,-0.078800653,-0.080739887,-0.084283691,-0.089328951,-0.093061971,-0.096032052,-0.098461531,-0.10034215,-0.10208066,-0.10347209,-0.10456954,-0.10560512,-0.10638666
0,-0.075608814,-0.078700326,-0.080737652,-0.085387005,-0.090163666,-0.093698857,-0.096657365,-0.098864463,-0.10068637,-0.10233116,-0.10354125,-0.10465218,-0.10563013,-0.10640259
0.2,-0.075508977,-0.078596246,-0.080762297,-0.086134438,-0.09093553,-0.094455606,-0.097234598,-0.099427227,-0.10120342,-0.10259628,-0.10375462,-0.10482177,-0.10576806,-0.10657283
0.4,-0.075396246,-0.078482536,-0.080871538,-0.0868914,-0.091540854,-0.095140679,-0.097806891,-0.10008023,-0.10180084,-0.10297453,-0.10411843,-0.10535994,-0.10640584,-0.1068774
0.6,-0.075279761,-0.078330848,-0.081202386,-0.087625951,-0.092168386,-0.095643367,-0.098354617,-0.10063271,-0.10231125,-0.10379133,-0.10500418,-0.10592202,-0.10652428,-0.10716903
0.8,-0.075121218,-0.078210283,-0.081829379,-0.088442335,-0.092848593,-0.096147644,-0.099175484,-0.10127304,-0.10281749,-0.10415837,-0.10526018,-0.10585432,-0.10642767,-0.10711436
1,-0.074979761,-0.078029655,-0.082642008,-0.089049077,-0.093480067,-0.096997327,-0.099708208,-0.10162005,-0.10303674,-0.10416422,-0.10502499,-0.10544217,-0.1059104,-0.10660129
1.2,-0.074796246,-0.077777263,-0.083441732,-0.089776906,-0.094204526,-0.097679927,-0.099873903,-0.10171476,-0.10286832,-0.1036572,-0.10452216,-0.10478256,-0.10499084,-0.10536349
1.4,-0.074603101,-0.077641682,-0.084361531,-0.090645916,-0.094895376,-0.097948566,-0.099945095,-0.10154775,-0.10224915,-0.10305258,-0.10367658,-0.10259505,-0.10203721,-0.10318024
1.6,-0.074410283,-0.077614036,-0.085404733,-0.091459965,-0.095538057,-0.09810919,-0.099783086,-0.1009067,-0.10062984,-0.10038047,-0.10056159,-0.10049028,-0.10056801,-0.10107149
1.8,-0.074216158,-0.077824521,-0.086427004,-0.091999436,-0.095726248,-0.098193098,-0.098017641,-0.098639387,-0.098861928,-0.099048342,-0.099349321,-0.09936227,-0.099419572,-0.09983567
2,-0.074007508,-0.078517337,-0.087390916,-0.092740729,-0.096063659,-0.096550537,-0.096953279,-0.097585757,-0.097695516,-0.097886766,-0.098201895,-0.098277803,-0.098396145,-0.098779221
2.2,-0.073799347,-0.07959641,-0.088344857,-0.092792312,-0.094842212,-0.095709645,-0.096023091,-0.096434211,-0.096650056,-0.096893534,-0.097152241,-0.097413998,-0.09767858,-0.098023301
2.4,-0.073199962,-0.080657997,-0.08900295,-0.092442423,-0.094130615,-0.094758139,-0.094937652,-0.09532634,-0.095725637,-0.096025913,-0.096371236,-0.096877539,-0.097312191,-0.097482109
2.6,-0.073018945,-0.081809092,-0.089268333,-0.091832851,-0.093193093,-0.093673673,-0.093946528,-0.094441255,-0.095020464,-0.095526227,-0.095960502,-0.096250709,-0.096564419,-0.09684924
2.8,-0.073102172,-0.082489714,-0.088896465,-0.09103371,-0.092137945,-0.092618455,-0.093221004,-0.093782699,-0.094263277,-0.094677803,-0.095080904,-0.09535479,-0.095699297,-0.095966541
3,-0.073499424,-0.082856871,-0.088325585,-0.090066535,-0.091018946,-0.091792819,-0.092329328,-0.092862624,-0.093350546,-0.093774865,-0.094164746,-0.094383076,-0.094696786,-0.094981607
3.2,-0.074274241,-0.082999698,-0.087496921,-0.088906568,-0.090003528,-0.090751626,-0.091285738,-0.091860113,-0.092332367,-0.092761745,-0.093155054,-0.093420289,-0.093713924,-0.09395435
3.4,-0.076837109,-0.082926529,-0.086468578,-0.087880514,-0.088994715,-0.08981425,-0.090425838,-0.090975895,-0.09141931,-0.091868876,-0.092242436,-0.092465725,-0.092765562,-0.093063277
3.6,-0.077294801,-0.082486723,-0.085522235,-0.086913597,-0.088055819,-0.088943089,-0.089597389,-0.090091839,-0.090529868,-0.090963766,-0.091239611,-0.091531613,-0.091869316,-0.092214689
3.8,-0.077920438,-0.0821859,-0.084648148,-0.085989881,-0.087145813,-0.088082536,-0.088738142,-0.089180577,-0.089613333,-0.089956045,-0.090318882,-0.090669969,-0.091015179,-0.091357012
4,-0.077954763,-0.081661198,-0.083763603,-0.085049404,-0.08622639,-0.087223779,-0.08783602,-0.088226717,-0.088554413,-0.088948261,-0.089394614,-0.089753585,-0.090107282,-0.090472731
4.2,-0.076600492,-0.080973399,-0.082839447,-0.08413194,-0.08527209,-0.086242549,-0.086864909,-0.087128675,-0.087508926,-0.087957125,-0.088398469,-0.088771752,-0.089213271,-0.089771776
4.4,-0.075726203,-0.080181067,-0.081865562,-0.083084168,-0.084182373,-0.085134388,-0.08571322,-0.085911864,-0.086374589,-0.086870396,-0.087343026,-0.087947507,-0.088340602,-0.088623515
4.6,-0.07520457,-0.079304244,-0.080790697,-0.081950872,-0.082967684,-0.083886943,-0.084444181,-0.084683352,-0.08520614,-0.085726705,-0.086481682,-0.086791362,-0.087033032,-0.087253647
4.8,-0.074515354,-0.078288738,-0.079655769,-0.080694451,-0.081646792,-0.082587432,-0.08308069,-0.083422411,-0.084023604,-0.084805674,-0.085124708,-0.085366378,-0.08559086,-0.085770998
5,-0.073898104,-0.077211262,-0.078421218,-0.079393471,-0.080220188,-0.081168713,-0.081666378,-0.082149555,-0.08304713,-0.083434827,-0.083688085,-0.083881934,-0.084060063,-0.084179975
5.2,-0.073440314,-0.076101632,-0.077203754,-0.078072906,-0.078794451,-0.079794451,-0.080309517,-0.081068173,-0.081716384,-0.08200914,-0.082195154,-0.08234978,-0.0824599,-0.082516321
5.4,-0.072683729,-0.07498221,-0.075990044,-0.076736723,-0.077466102,-0.078442549,-0.079041231,-0.080002787,-0.080376334,-0.080582913,-0.080684382,-0.080734928,-0.080848311,-0.080988412
5.6,-0.071908977,-0.07388123,-0.074808324,-0.075499674,-0.076265336,-0.077145976,-0.077975079,-0.078750546,-0.079018167,-0.079165449,-0.079183189,-0.079290044,-0.079423666,-0.079538682
5.8,-0.071138958,-0.07281779,-0.073698531,-0.07432742,-0.075195856,-0.075903804,-0.077042172,-0.077570019,-0.077712944,-0.077745863,-0.077841456,-0.077955819,-0.07810963,-0.078227746
6,-0.070361645,-0.071847658,-0.072702122,-0.073295594,-0.074415913,-0.07487605,-0.076116222,-0.076460715,-0.076491513,-0.076586618,-0.076689392,-0.076802122,-0.076948593,-0.077078132
6.2,-0.069605386,-0.071003427,-0.071819238,-0.0724,-0.073608435,-0.073992174,-0.075171767,-0.075392167,-0.075465076,-0.075570654,-0.075678806,-0.075780762,-0.075907174,-0.076065763
6.4,-0.068924319,-0.070284349,-0.071097569,-0.071679904,-0.072878935,-0.073254135,-0.074342389,-0.074462991,-0.074584838,-0.074697245,-0.074820421,-0.074960942,-0.075080552,-0.075214586
6.6,-0.068326767,-0.069697245,-0.07052638,-0.071117004,-0.072213464,-0.072712439,-0.073631927,-0.073731927,-0.073894166,-0.074024949,-0.074194915,-0.074310965,-0.074420341,-0.074597616
6.8,-0.067879109,-0.069287605,-0.070179404,-0.070799078,-0.071799293,-0.072313526,-0.073081364,-0.073214302,-0.073393326,-0.073590624,-0.073786474,-0.073904765,-0.074017522,-0.074190009
7,-0.067591839,-0.069033661,-0.070002564,-0.070710558,-0.071628506,-0.072146605,-0.072779927,-0.072925054,-0.073134123,-0.073398341,-0.073618552,-0.073746756,-0.073904223,-0.074037254
7.2,-0.067524156,-0.069002262,-0.070024132,-0.070829819,-0.071705994,-0.072211067,-0.07274525,-0.072875114,-0.073114932,-0.073412911,-0.073694467,-0.0738668,-0.074012296,-0.074168952
7.4,-0.067648148,-0.06911368,-0.070256299,-0.071209102,-0.072075571,-0.072501474,-0.072830156,-0.07301746,-0.073315462,-0.073683517,-0.073989555,-0.074168102,-0.074362381,-0.074493528
7.6,-0.068002938,-0.069434369,-0.070681366,-0.071858515,-0.072772615,-0.073148142,-0.073127782,-0.073454753,-0.073830916,-0.074267915,-0.074651384,-0.074876018,-0.07512367,-0.075260784
7.8,-0.068601582,-0.069964511,-0.071403484,-0.072939514,-0.073948155,-0.07430163,-0.073775528,-0.074397897,-0.07488169,-0.07542207,-0.075864132,-0.076170654,-0.076413532,-0.076601141
8,-0.069464369,-0.070764459,-0.072527131,-0.074433576,-0.075523009,-0.075929863,-0.074962588,-0.075782153,-0.076343943,-0.076993673,-0.07752207,-0.07786548,-0.078167439,-0.078382616
8.2,-0.070600377,-0.071920807,-0.074116194,-0.076515591,-0.07774497,-0.078192955,-0.076820641,-0.07783435,-0.07849457,-0.079274072,-0.079884028,-0.080287782,-0.08061308,-0.080882559
8.4,-0.072225562,-0.073568862,-0.076274954,-0.0791828,-0.08057312,-0.081146843,-0.079468536,-0.080589378,-0.081388348,-0.082275895,-0.082986127,-0.083481996,-0.083851638,-0.08414054
8.6,-0.074275506,-0.075632417,-0.07863956,-0.082168838,-0.083618894,-0.084274174,-0.082709315,-0.08376993,-0.084603175,-0.085499421,-0.086192077,-0.086687017,-0.087058781,-0.087354701
8.8,-0.076720452,-0.077950985,-0.08105563,-0.085030156,-0.086507306,-0.087220037,-0.085930972,-0.086740715,-0.087558668,-0.088458505,-0.089164707,-0.089631625,-0.090013835,-0.090312855
9,-0.07943091,-0.080195504,-0.08339578,-0.0877172,-0.089173019,-0.089944457,-0.089025147,-0.08949435,-0.0903172,-0.091165511,-0.09186241,-0.092358983,-0.092707621,-0.093004193
9.2,-0.082139347,-0.082329779,-0.085611375,-0.090125625,-0.091547659,-0.092333296,-0.091804356,-0.091907834,-0.09273248,-0.093539824,-0.094180301,-0.094670998,-0.095049454,-0.095296296
9.4,-0.084661105,-0.084315016,-0.087411101,-0.092275242,-0.09364162,-0.094386177,-0.094211099,-0.093963654,-0.094792216,-0.095555493,-0.096178833,-0.096650596,-0.096994828,-0.097262674
9.6,-0.086991023,-0.086367609,-0.090292919,-0.094414464,-0.095537213,-0.096300163,-0.096317464,-0.095780251,-0.096633949,-0.097352881,-0.098007345,-0.098454187,-0.098833296,-0.099097062
9.8,-0.089133949,-0.088589418,-0.092862146,-0.096191074,-0.097378782,-0.098101143,-0.098263164,-0.09745936,-0.098407345,-0.099112404,-0.099732969,-0.10021387,-0.10060114,-0.10083574
10,-0.09110865,-0.091385423,-0.095241368,-0.097730094,-0.099120891,-0.099821871,-0.10012269,-0.099124972,-0.10009527,-0.10080767,-0.10142089,-0.10189592,-0.10229461,-0.10253493
10.2,-0.092997715,-0.094057903,-0.097422209,-0.099121619,-0.10082024,-0.10152301,-0.10189902,-0.10085925,-0.10169853,-0.10243052,-0.1030778,-0.10352024,-0.10391877,-0.10419967
10.4,-0.09481779,-0.096631839,-0.099447608,-0.100428,-0.10248629,-0.10319494,-0.1036062,-0.10264167,-0.10321045,-0.10402465,-0.10463672,-0.10511714,-0.10551714,-0.10579869
10.6,-0.096606529,-0.0989685,-0.10104715,-0.10082406,-0.10410522,-0.10481061,-0.10528352,-0.1044988,-0.10465866,-0.105521,-0.10619478,-0.10669217,-0.10709363,-0.10737911
10.8,-0.098333622,-0.10109124,-0.10238595,-0.10243219,-0.10571338,-0.10642122,-0.10690963,-0.10656567,-0.10613112,-0.10701823,-0.10771763,-0.10821273,-0.10861404,-0.10891404
11,-0.10007127,-0.10281632,-0.10336867,-0.10411126,-0.10731469,-0.10806067,-0.10851338,-0.10847873,-0.10770674,-0.10847943,-0.10917029,-0.10972301,-0.11011812,-0.11042677
11.2,-0.10172775,-0.10440501,-0.10417469,-0.10591394,-0.10890898,-0.10962399,-0.11011028,-0.11032264,-0.10939313,-0.10999222,-0.11054108,-0.11116883,-0.11161763,-0.11192579
11.4,-0.103408,-0.10588102,-0.10471849,-0.10789141,-0.11049037,-0.11121436,-0.11171175,-0.11208874,-0.11124552,-0.11151745,-0.11192965,-0.11253439,-0.11304108,-0.11339967
11.6,-0.10503672,-0.10732623,-0.10410853,-0.11002448,-0.11207535,-0.11280343,-0.11331028,-0.1137568,-0.11363825,-0.11355267,-0.11335055,-0.11385931,-0.11434173,-0.11478433
11.8,-0.10651203,-0.10859335,-0.10534671,-0.11187878,-0.11362987,-0.11438711,-0.11492514,-0.11550598,-0.1154882,-0.1151007,-0.1147427,-0.11523292,-0.11566812,-0.1161117
12,-0.10795523,-0.11021898,-0.10709303,-0.11364537,-0.11522171,-0.115955,-0.11660658,-0.11703465,-0.11707237,-0.11673282,-0.11632225,-0.11665331,-0.11702084,-0.11736421
12.2,-0.109474,-0.11185903,-0.10932884,-0.11529135,-0.11688574,-0.11765032,-0.11820283,-0.1183771,-0.11847727,-0.11822591,-0.11810256,-0.11834221,-0.11838611,-0.11852541
12.4,-0.11101577,-0.11351643,-0.11213297,-0.11680452,-0.11836039,-0.11908161,-0.11955707,-0.11955279,-0.11963599,-0.11969012,-0.11990174,-0.12017905,-0.120068,-0.11980021
12.6,-0.11244258,-0.11527937,-0.11569808,-0.11822198,-0.1195196,-0.12032618,-0.12070535,-0.12062032,-0.11976324,-0.1203721,-0.12171453,-0.12225175,-0.12195843,-0.12130989
12.8,-0.11440839,-0.11663819,-0.11854713,-0.11946665,-0.12059855,-0.12140024,-0.12175927,-0.12082146,-0.12091016,-0.12210048,-0.12352148,-0.12417117,-0.12393711,-0.12303797
13,-0.11615965,-0.11761987,-0.12047396,-0.12057317,-0.12170019,-0.1222405,-0.12232213,-0.12192224,-0.12211213,-0.12377884,-0.12550447,-0.12597389,-0.12588472,-0.1249748
13.2,-0.11779316,-0.11838643,-0.12187479,-0.12193134,-0.12233837,-0.12247767,-0.12301842,-0.12310446,-0.1234753,-0.12539304,-0.1272135,-0.12771681,-0.127737,-0.12719185
13.4,-0.11898377,-0.11904791,-0.1228457,-0.12336572,-0.12389794,-0.12354765,-0.12418595,-0.12446845,-0.12503499,-0.12709913,-0.12890832,-0.12934896,-0.12945533,-0.12917542
13.6,-0.12040832,-0.11892018,-0.12207556,-0.12469269,-0.12623733,-0.12485016,-0.12575524,-0.126019,-0.12686997,-0.12895908,-0.13061126,-0.13091861,-0.13113199,-0.13104924
13.8,-0.12152624,-0.12050602,-0.1228942,-0.12654233,-0.12856297,-0.12646512,-0.12709401,-0.12779347,-0.12851126,-0.1305661,-0.13225321,-0.13253052,-0.13273852,-0.13283281
14,-0.12262281,-0.12242971,-0.12393384,-0.12824756,-0.13075867,-0.12844374,-0.12894053,-0.12940849,-0.13020163,-0.13225201,-0.13387601,-0.13418906,-0.13437911,-0.13449254
14.2,-0.12363361,-0.12477721,-0.12523037,-0.12985294,-0.13295854,-0.13078493,-0.13093014,-0.13107438,-0.13191273,-0.13393085,-0.13552465,-0.13581746,-0.13601061,-0.13611175
14.4,-0.12515232,-0.12751263,-0.12684909,-0.13149021,-0.13483188,-0.13291459,-0.13272982,-0.13271714,-0.1336654,-0.13568564,-0.13720963,-0.13748972,-0.13768188,-0.13777503
14.6,-0.12712714,-0.13051404,-0.12882334,-0.13324994,-0.13648373,-0.13491676,-0.13450713,-0.13440751,-0.13540783,-0.13742154,-0.1388969,-0.13916328,-0.13932465,-0.13942334
14.8,-0.12934532,-0.13313586,-0.13051094,-0.13499891,-0.13813607,-0.13680033,-0.13634244,-0.13611714,-0.13721061,-0.13919347,-0.14058972,-0.14081893,-0.14100963,-0.14110816
15,-0.13175414,-0.135826,-0.13220653,-0.13688008,-0.13983362,-0.13854994,-0.13812399,-0.13787438,-0.1390778,-0.14098221,-0.14228972,-0.14251094,-0.1426969,-0.14280277
15.2,-0.13431856,-0.13782334,-0.13390996,-0.13910746,-0.14156638,-0.14011322,-0.13973623,-0.13960849,-0.14094701,-0.14279527,-0.14400277,-0.14421681,-0.14438972,-0.14449559
15.4,-0.13673385,-0.13930328,-0.13566262,-0.14123439,-0.14328156,-0.14155348,-0.1413481,-0.14139347,-0.14291404,-0.14461191,-0.14570816,-0.14591746,-0.14608972,-0.14619412
15.6,-0.13884418,-0.14045183,-0.13740686,-0.14338673,-0.145,-0.1428944,-0.14293222,-0.14318352,-0.14491991,-0.14645386,-0.14742334,-0.14766197,-0.14780277,-0.1479
15.8,-0.14083025,-0.1414014,-0.13920588,-0.1454512,-0.14671844,-0.1441647,-0.14442476,-0.14499184,-0.14697748,-0.14836132,-0.14916915,-0.14938286,-0.14950816,-0.1496
16,-0.14238792,-0.1410767,-0.14102807,-0.14742105,-0.14842775,-0.14532241,-0.14583111,-0.14681502,-0.14901224,-0.15021371,-0.15089559,-0.15110686,-0.15122334,-0.1513
16.2,-0.14363265,-0.14262663,-0.14290588,-0.14928792,-0.15016785,-0.1466464,-0.14749466,-0.14870865,-0.15108286,-0.15209445,-0.15262187,-0.15282905,-0.15296915,-0.153
16.4,-0.14471884,-0.14447067,-0.14480686,-0.15111551,-0.15188874,-0.14810511,-0.14919282,-0.15062367,-0.15308825,-0.15396703,-0.15438041,-0.15458776,-0.15469559,-0.1547
16.6,-0.14570083,-0.14666921,-0.14676262,-0.15290751,-0.15361126,-0.14970881,-0.15094353,-0.1526,-0.15507193,-0.15580082,-0.15611795,-0.15631061,-0.15642775,-0.15640588
16.8,-0.14635469,-0.14926285,-0.14870996,-0.15470588,-0.15533215,-0.15144304,-0.1527747,-0.15460686,-0.15699412,-0.15760604,-0.15788041,-0.15807323,-0.15818482,-0.15810441
17,-0.1481687,-0.15220065,-0.15070653,-0.15650865,-0.15707813,-0.15325707,-0.15467568,-0.1566685,-0.15889314,-0.15940751,-0.15962187,-0.15981061,-0.15991518,-0.1598031
17.2,-0.15020343,-0.15470697,-0.15270506,-0.15831404,-0.15878596,-0.1550876,-0.15652399,-0.15872024,-0.1607315,-0.16119184,-0.16139559,-0.16158776,-0.16166638,-0.16150212
17.4,-0.15252046,-0.15706551,-0.15470718,-0.16012775,-0.1605031,-0.15691877,-0.15841812,-0.16081991,-0.16258564,-0.16297225,-0.16316915,-0.16332905,-0.1634,-0.16319592
17.6,-0.15503728,-0.15922753,-0.15675446,-0.16197225,-0.16221469,-0.15877601,-0.1603654,-0.16290881,-0.16439037,-0.16472775,-0.16492334,-0.16510686,-0.16513362,-0.16484488
17.8,-0.15763488,-0.16121567,-0.15878939,-0.16378009,-0.16391926,-0.1606062,-0.16230832,-0.16499804,-0.16619869,-0.16651404,-0.16670816,-0.16688286,-0.16689657,-0.16649102
18,-0.15991562,-0.16308471,-0.16083525,-0.16559282,-0.16561551,-0.16247013,-0.16430441,-0.1670605,-0.16800718,-0.1682969,-0.1684969,-0.16866785,-0.16862987,-0.16803357
18.2,-0.16206295,-0.16492236,-0.16293117,-0.16740718,-0.16730555,-0.16431436,-0.16633117,-0.16907046,-0.16981404,-0.17008531,-0.17029119,-0.17042775,-0.17038286,-0.16949848
18.4,-0.16406757,-0.16670522,-0.16507715,-0.16921404,-0.16897541,-0.166208,-0.16839625,-0.17101469,-0.17162334,-0.17189249,-0.1720969,-0.17221844,-0.1721,-0.17092329
18.6,-0.16609782,-0.16848906,-0.16720996,-0.17102334,-0.17050898,-0.16810783,-0.17048221,-0.17296817,-0.17346915,-0.17371681,-0.17391404,-0.17400588,-0.17379837,-0.17234227
18.8,-0.16772171,-0.17028254,-0.16939788,-0.17286915,-0.17183989,-0.17002122,-0.17259249,-0.17483428,-0.17529559,-0.17554178,-0.17572775,-0.17579184,-0.17540767,-0.17380157
19,-0.16910001,-0.1720439,-0.17160277,-0.17469559,-0.17302156,-0.17197633,-0.17470816,-0.17671436,-0.17712187,-0.17739412,-0.17756638,-0.17757389,-0.17693765,-0.17548308
19.2,-0.1703263,-0.17382154,-0.17381175,-0.17652775,-0.17411927,-0.17395724,-0.17683362,-0.17859902,-0.17898041,-0.17925381,-0.17938156,-0.17933297,-0.17838412,-0.17727486
19.4,-0.17146041,-0.175608,-0.17600604,-0.17838482,-0.17497931,-0.17592399,-0.17898841,-0.18047813,-0.18081795,-0.18108596,-0.1812,-0.1811062,-0.17980942,-0.17914108
19.6,-0.17201154,-0.17738776,-0.17820245,-0.18021518,-0.17622256,-0.17794244,-0.18109788,-0.1823191,-0.18268041,-0.18290979,-0.18301844,-0.1828333,-0.1812087,-0.18105446
19.8,-0.17389944,-0.17914227,-0.18036638,-0.18206638,-0.17783966,-0.18000343,-0.1831938,-0.1842,-0.18452187,-0.18473362,-0.18483362,-0.18451224,-0.18272964,-0.18298972
20,-0.17603476,-0.18099439,-0.18247633,-0.1839,-0.17958999,-0.18208368,-0.1852605,-0.18607503,-0.18639559,-0.1865809,-0.18667813,-0.18609293,-0.18446594,-0.18490277
20.2,-0.17846399,-0.182508,-0.1845191,-0.18573362,-0.18150077,-0.18418074,-0.1872747,-0.18792334,-0.18826915,-0.18839412,-0.18849625,-0.18757188,-0.18632149,-0.18680816
20.4,-0.18109109,-0.18373004,-0.1865654,-0.18758482,-0.18356981,-0.18629788,-0.1892315,-0.18980816,-0.19012334,-0.19022057,-0.19031061,-0.18899832,-0.1882197,-0.18872334
20.6,-0.18384679,-0.18480574,-0.18852024,-0.18941518,-0.18559837,-0.18842611,-0.19120408,-0.19170277,-0.19200816,-0.19208531,-0.19211991,-0.19039222,-0.19017748,-0.19066915
20.8,-0.18623341,-0.18570476,-0.19049249,-0.19127813,-0.18758384,-0.19058319,-0.19312987,-0.19359559,-0.19390277,-0.19393966,-0.19391143,-0.19187534,-0.19212905,-0.19259559
21,-0.18847405,-0.18594054,-0.19243117,-0.19310881,-0.18958384,-0.19272334,-0.19506948,-0.19549412,-0.19579559,-0.19575598,-0.19561665,-0.19364129,-0.19408188,-0.19452187
21.2,-0.19071251,-0.18738687,-0.19438939,-0.19493982,-0.19159249,-0.1949,-0.19698596,-0.19739412,-0.19769412,-0.19755169,-0.19722378,-0.19547389,-0.19601208,-0.19648041
21.4,-0.19249613,-0.18908025,-0.19631371,-0.19678319,-0.19360653,-0.19707666,-0.19890588,-0.19929559,-0.1996,-0.1992722,-0.19874266,-0.19742802,-0.19798041,-0.19841795
21.6,-0.1939635,-0.19099386,-0.19827225,-0.19858498,-0.19563428,-0.19922269,-0.20081257,-0.20120277,-0.2015,-0.20094625,-0.20019163,-0.1994383,-0.19992187,-0.20038041
21.8,-0.19526069,-0.19320039,-0.2002,-0.20033395,-0.19770065,-0.20138417,-0.20272922,-0.20310816,-0.2034,-0.20251099,-0.20159662,-0.20142057,-0.20189559,-0.20232187
22,-0.19641575,-0.19561436,-0.20212775,-0.20211322,-0.19978809,-0.20349788,-0.20466915,-0.20502334,-0.2053,-0.20417676,-0.20308514,-0.20339412,-0.20386915,-0.20429559
22.2,-0.19672351,-0.19786034,-0.20408629,-0.2037834,-0.20189249,-0.20559217,-0.20659559,-0.20697503,-0.20719412,-0.20596153,-0.20485647,-0.20537503,-0.20582922,-0.20626915
22.4,-0.19847076,-0.20009249,-0.20601648,-0.20524516,-0.20400229,-0.20767878,-0.20852187,-0.20889412,-0.20909559,-0.20784075,-0.20672117,-0.20732334,-0.20781257,-0.20822334
22.6,-0.20042693,-0.20233591,-0.20797911,-0.20655844,-0.20612334,-0.20971779,-0.21048629,-0.21082057,-0.21100277,-0.20974842,-0.20864989,-0.20930816,-0.2098,-0.21020816
22.8,-0.20263935,-0.20460816,-0.20991502,-0.20775496,-0.20826915,-0.21173248,-0.21241648,-0.21277356,-0.21291404,-0.21171697,-0.21067291,-0.21130277,-0.21178156,-0.21220277
23,-0.20512335,-0.20688433,-0.21188498,-0.20877748,-0.21039559,-0.2137685,-0.21437323,-0.21469559,-0.21482775,-0.21370131,-0.21270277,-0.21329559,-0.21376638,-0.21418972
23.2,-0.20780098,-0.20916197,-0.21381502,-0.20979867,-0.21252187,-0.21576409,-0.21631061,-0.21662334,-0.21677813,-0.2156796,-0.21469559,-0.21529412,-0.21572187,-0.21618972
23.4,-0.21021273,-0.21142187,-0.21577911,-0.21141136,-0.21468629,-0.21772497,-0.21828776,-0.2185876,-0.21869037,-0.21761224,-0.21668825,-0.2173,-0.21770963,-0.2181969
23.6,-0.2125907,-0.21371404,-0.21771061,-0.21317748,-0.21681648,-0.21971844,-0.22022905,-0.22052334,-0.22060033,-0.21958074,-0.21869559,-0.2193,-0.21970555,-0.22020963
23.8,-0.21490996,-0.21600865,-0.21968776,-0.2151456,-0.21897323,-0.22170865,-0.22220686,-0.22248972,-0.22250065,-0.22151273,-0.22070277,-0.22129412,-0.22170375,-0.22223052
24,-0.21719723,-0.21830588,-0.22162905,-0.21727661,-0.22111648,-0.22369559,-0.22418286,-0.22446915,-0.22439151,-0.22346164,-0.22271404,-0.22329559,-0.22371746,-0.22428041
24.2,-0.21945887,-0.22060783,-0.2236093,-0.21941028,-0.22328629,-0.22569706,-0.22616736,-0.22642057,-0.22623281,-0.22534635,-0.22472889,-0.22529755,-0.22577225,-0.22630996
24.4,-0.22163085,-0.22290098,-0.22559094,-0.22157565,-0.22542742,-0.2277,-0.2281244,-0.2284071,-0.22808751,-0.22728686,-0.22677429,-0.2273049,-0.22780041,-0.22837127
24.6,-0.22380159,-0.22518421,-0.22757919,-0.22367455,-0.22759951,-0.22970184,-0.23010979,-0.23039927,-0.22989547,-0.22919559,-0.22879143,-0.22931469,-0.22982142,-0.23040171
24.8,-0.22590294,-0.22740135,-0.22950539,-0.22570955,-0.2297929,-0.23170061,-0.23210061,-0.23239914,-0.2316951,-0.23109976,-0.2308,-0.23139339,-0.23189584,-0.23240771
25,-0.228,-0.2296,-0.2315,-0.2277,-0.2319,-0.2337,-0.2341,-0.2344,-0.2334,-0.233,-0.2328,-0.2334,-0.2339,-0.2345
